{"cameraMode":{"drawMode":0,"name":"Shaded","section":"Shading Mode"},"sceneLighting":true,"audioPlay":false,"sceneViewState":{"m_AlwaysRefresh":false,"showFog":true,"showSkybox":true,"showFlares":true,"showImageEffects":true,"showParticleSystems":true,"showVisualEffectGraphs":true,"m_FxEnabled":true},"in2DMode":false,"pivot":{"x":-106.34196472167969,"y":3.938443899154663,"z":-47.16854476928711},"rotation":{"x":-0.031605057418346408,"y":0.8484265208244324,"z":-0.050974294543266299,"w":-0.5260211825370789},"size":1.4570672512054444,"orthographic":false}