{"cameraMode":{"drawMode":0,"name":"Shaded","section":"Shading Mode"},"sceneLighting":true,"audioPlay":false,"sceneViewState":{"m_AlwaysRefresh":false,"showFog":true,"showSkybox":true,"showFlares":true,"showImageEffects":true,"showParticleSystems":true,"showVisualEffectGraphs":true,"m_FxEnabled":true},"in2DMode":false,"pivot":{"x":19.186153411865236,"y":-76.43938446044922,"z":-27.920337677001954},"rotation":{"x":0.002411647466942668,"y":-0.9472026824951172,"z":0.32128477096557619,"w":0.009063164703547955},"size":66.77760314941406,"orthographic":false}