{"cameraMode":{"drawMode":0,"name":"Shaded","section":"Shading Mode"},"sceneLighting":true,"audioPlay":false,"sceneViewState":{"m_AlwaysRefresh":false,"showFog":true,"showSkybox":true,"showFlares":true,"showImageEffects":true,"showParticleSystems":true,"showVisualEffectGraphs":true,"m_FxEnabled":true},"in2DMode":false,"pivot":{"x":23.638532638549806,"y":-74.2348403930664,"z":-29.312204360961915},"rotation":{"x":0.004940412938594818,"y":0.9365377426147461,"z":-0.35028165578842165,"w":0.013207542710006237},"size":66.53091430664063,"orthographic":false}