{"cameraMode":{"drawMode":0,"name":"Shaded","section":"Shading Mode"},"sceneLighting":true,"audioPlay":false,"sceneViewState":{"m_AlwaysRefresh":false,"showFog":true,"showSkybox":true,"showFlares":true,"showImageEffects":true,"showParticleSystems":true,"showVisualEffectGraphs":true,"m_FxEnabled":true},"in2DMode":false,"pivot":{"x":9.333463668823243,"y":-23.838306427001954,"z":16.307422637939454},"rotation":{"x":-0.018112635239958764,"y":0.9753091931343079,"z":-0.20208340883255006,"w":-0.08742497861385346},"size":33.84503173828125,"orthographic":false}