{"cameraMode":{"drawMode":0,"name":"Shaded","section":"Shading Mode"},"sceneLighting":true,"audioPlay":false,"sceneViewState":{"m_AlwaysRefresh":false,"showFog":true,"showSkybox":true,"showFlares":true,"showImageEffects":true,"showParticleSystems":true,"showVisualEffectGraphs":true,"m_FxEnabled":true},"in2DMode":false,"pivot":{"x":917.5748901367188,"y":582.5912475585938,"z":7.470550537109375},"rotation":{"x":0.01530796941369772,"y":-0.000004229443675285438,"z":0.0000014494214610749623,"w":0.9998854398727417},"size":565.0392456054688,"orthographic":false}