{"cameraMode":{"drawMode":0,"name":"Shaded","section":"Shading Mode"},"sceneLighting":true,"audioPlay":false,"sceneViewState":{"m_AlwaysRefresh":false,"showFog":true,"showSkybox":true,"showFlares":true,"showImageEffects":true,"showParticleSystems":true,"showVisualEffectGraphs":true,"m_FxEnabled":true},"in2DMode":false,"pivot":{"x":481.35003662109377,"y":302.95367431640627,"z":-123.80670928955078},"rotation":{"x":0.06238612160086632,"y":0.0042640455067157749,"z":-0.000039415281207766384,"w":0.9983188509941101},"size":232.61712646484376,"orthographic":false}