{"cameraMode":{"drawMode":0,"name":"Shaded","section":"Shading Mode"},"sceneLighting":true,"audioPlay":false,"sceneViewState":{"m_AlwaysRefresh":false,"showFog":true,"showSkybox":true,"showFlares":true,"showImageEffects":true,"showParticleSystems":true,"showVisualEffectGraphs":true,"m_FxEnabled":true},"in2DMode":false,"pivot":{"x":0.585243821144104,"y":0.7767837047576904,"z":3.2266156673431398},"rotation":{"x":-0.07641111314296723,"y":-0.025125514715909959,"z":0.0019255094230175019,"w":-0.9967706799507141},"size":3.5860867500305177,"orthographic":false}