{"cameraMode":{"drawMode":0,"name":"Shaded","section":"Shading Mode"},"sceneLighting":true,"audioPlay":false,"sceneViewState":{"m_AlwaysRefresh":false,"showFog":true,"showSkybox":true,"showFlares":true,"showImageEffects":true,"showParticleSystems":true,"showVisualEffectGraphs":true,"m_FxEnabled":true},"in2DMode":false,"pivot":{"x":402.2828063964844,"y":711.5689697265625,"z":31.169387817382814},"rotation":{"x":0.1171078309416771,"y":0.09399546682834625,"z":-0.011133763007819653,"w":0.9885998368263245},"size":449.6144714355469,"orthographic":false}